seq,virtual_time_s,channel,action,result,x_m,y_m,svd_deg
5,14.0,1,measure,no_signal,44.62,5.87,
7,20.0,2,measure,no_signal,44.62,5.87,
9,26.0,3,measure,no_signal,44.62,5.87,
11,32.0,4,measure,no_signal,44.62,5.87,
13,38.0,5,measure,direction,44.62,5.87,295.24
15,44.0,6,measure,no_signal,44.62,5.87,
17,50.0,7,measure,direction,44.62,5.87,102.51
19,56.0,8,measure,no_signal,44.62,5.87,
21,62.0,9,measure,direction,44.62,5.87,8.9
23,68.0,10,measure,no_signal,44.62,5.87,
25,74.0,11,measure,no_signal,44.62,5.87,
27,80.0,12,measure,no_signal,44.62,5.87,
29,86.0,13,measure,no_signal,44.62,5.87,
31,92.0,14,measure,no_signal,44.62,5.87,
33,98.0,15,measure,no_signal,44.62,5.87,
35,104.0,16,measure,no_signal,44.62,5.87,
37,110.0,17,measure,direction,44.62,5.87,165.15
39,116.0,18,measure,no_signal,44.62,5.87,
41,122.0,19,measure,no_signal,44.62,5.87,
43,128.0,20,measure,no_signal,44.62,5.87,
49,354.0,7,measure,direction,-766.52,748.88,46.28
51,360.0,17,measure,direction,-766.52,748.88,251.07
53,366.0,1,measure,no_signal,-766.52,748.88,
55,372.0,2,measure,no_signal,-766.52,748.88,
57,378.0,3,measure,direction,-766.52,748.88,26.43
59,384.0,4,measure,no_signal,-766.52,748.88,
61,390.0,6,measure,no_signal,-766.52,748.88,
63,396.0,8,measure,direction,-766.52,748.88,206.19
65,402.0,10,measure,no_signal,-766.52,748.88,
67,408.0,11,measure,no_signal,-766.52,748.88,
69,414.0,12,measure,no_signal,-766.52,748.88,
71,420.0,13,measure,no_signal,-766.52,748.88,
73,426.0,14,measure,no_signal,-766.52,748.88,
75,432.0,15,measure,no_signal,-766.52,748.88,
77,438.0,16,measure,no_signal,-766.52,748.88,
79,444.0,18,measure,no_signal,-766.52,748.88,
81,450.0,19,measure,no_signal,-766.52,748.88,
83,456.0,20,measure,no_signal,-766.52,748.88,
87,501.524,17,measure,direction,-963.92,739.65,273.05
89,507.524,1,measure,no_signal,-963.92,739.65,
91,513.524,2,measure,no_signal,-963.92,739.65,
93,519.524,4,measure,no_signal,-963.92,739.65,
95,525.524,6,measure,no_signal,-963.92,739.65,
97,531.524,10,measure,no_signal,-963.92,739.65,
99,537.524,11,measure,no_signal,-963.92,739.65,
101,543.524,12,measure,no_signal,-963.92,739.65,
103,549.524,13,measure,no_signal,-963.92,739.65,
105,555.524,14,measure,no_signal,-963.92,739.65,
107,561.524,15,measure,no_signal,-963.92,739.65,
109,567.524,16,measure,no_signal,-963.92,739.65,
111,573.524,18,measure,no_signal,-963.92,739.65,
113,579.524,19,measure,no_signal,-963.92,739.65,
115,585.524,20,measure,no_signal,-963.92,739.65,
117,685.125,17,clear,success,-946.14,266.98,
119,774.517,8,measure,direction,-1267.32,1.08,143.88
121,780.517,1,measure,direction,-1267.32,1.08,231.89
123,786.517,2,measure,no_signal,-1267.32,1.08,
125,792.517,4,measure,no_signal,-1267.32,1.08,
127,798.517,6,measure,no_signal,-1267.32,1.08,
129,804.517,10,measure,no_signal,-1267.32,1.08,
131,810.517,11,measure,no_signal,-1267.32,1.08,
133,816.517,12,measure,no_signal,-1267.32,1.08,
135,822.517,13,measure,no_signal,-1267.32,1.08,
137,828.517,14,measure,no_signal,-1267.32,1.08,
139,834.517,15,measure,no_signal,-1267.32,1.08,
141,840.517,16,measure,no_signal,-1267.32,1.08,
143,846.517,18,measure,no_signal,-1267.32,1.08,
145,852.517,19,measure,no_signal,-1267.32,1.08,
147,858.517,20,measure,no_signal,-1267.32,1.08,
150,962.121,1,measure,direction,-1122.51,-464.96,177.06
152,968.121,2,measure,no_signal,-1122.51,-464.96,
154,974.121,4,measure,no_signal,-1122.51,-464.96,
156,980.121,6,measure,no_signal,-1122.51,-464.96,
158,986.121,10,measure,no_signal,-1122.51,-464.96,
160,992.121,11,measure,no_signal,-1122.51,-464.96,
162,998.121,12,measure,no_signal,-1122.51,-464.96,
164,1004.121,13,measure,no_signal,-1122.51,-464.96,
166,1010.121,14,measure,no_signal,-1122.51,-464.96,
168,1016.121,15,measure,no_signal,-1122.51,-464.96,
170,1022.121,16,measure,no_signal,-1122.51,-464.96,
172,1028.121,18,measure,no_signal,-1122.51,-464.96,
174,1034.121,19,measure,direction,-1122.51,-464.96,294.44
176,1040.121,20,measure,no_signal,-1122.51,-464.96,
179,1142.51,1,clear,success,-1609.16,-447.84,
181,1298.942,8,clear,success,-1682.64,305.74,
183,1643.807,7,measure,direction,-471.58,1490.68,322.35
185,1649.807,3,measure,direction,-471.58,1490.68,327.53
187,1655.807,2,measure,no_signal,-471.58,1490.68,
189,1661.807,4,measure,no_signal,-471.58,1490.68,
191,1667.807,6,measure,no_signal,-471.58,1490.68,
193,1673.807,10,measure,no_signal,-471.58,1490.68,
195,1679.807,11,measure,no_signal,-471.58,1490.68,
197,1685.807,12,measure,no_signal,-471.58,1490.68,
199,1691.807,13,measure,no_signal,-471.58,1490.68,
201,1697.807,14,measure,no_signal,-471.58,1490.68,
203,1703.807,15,measure,no_signal,-471.58,1490.68,
205,1709.807,16,measure,no_signal,-471.58,1490.68,
207,1715.807,18,measure,no_signal,-471.58,1490.68,
209,1721.807,20,measure,no_signal,-471.58,1490.68,
211,1786.772,7,clear,success,-226.28,1318.29,
213,1855.053,3,clear,success,48.74,1161.82,
215,1884.631,9,measure,direction,158.59,1204.61,283.72
217,1890.631,2,measure,no_signal,158.59,1204.61,
219,1896.631,4,measure,no_signal,158.59,1204.61,
221,1902.631,6,measure,no_signal,158.59,1204.61,
223,1908.631,10,measure,no_signal,158.59,1204.61,
225,1914.631,11,measure,no_signal,158.59,1204.61,
227,1920.631,12,measure,no_signal,158.59,1204.61,
229,1926.631,13,measure,no_signal,158.59,1204.61,
231,1932.631,14,measure,no_signal,158.59,1204.61,
233,1938.631,15,measure,no_signal,158.59,1204.61,
235,1944.631,16,measure,no_signal,158.59,1204.61,
237,1950.631,18,measure,no_signal,158.59,1204.61,
239,1956.631,20,measure,no_signal,158.59,1204.61,
241,2215.113,2,measure,no_signal,1205.66,499.4,
243,2221.113,4,measure,no_signal,1205.66,499.4,
245,2227.113,6,measure,no_signal,1205.66,499.4,
247,2233.113,10,measure,no_signal,1205.66,499.4,
249,2239.113,11,measure,no_signal,1205.66,499.4,
251,2245.113,12,measure,no_signal,1205.66,499.4,
253,2251.113,13,measure,no_signal,1205.66,499.4,
255,2257.113,14,measure,no_signal,1205.66,499.4,
257,2263.113,15,measure,no_signal,1205.66,499.4,
259,2269.113,16,measure,no_signal,1205.66,499.4,
261,2275.113,18,measure,direction,1205.66,499.4,281.33
263,2281.113,20,measure,no_signal,1205.66,499.4,
265,2287.113,5,measure,no_signal,1205.66,499.4,
268,2493.113,18,measure,direction,1928.99,-191.1,212.4
270,2499.113,2,measure,no_signal,1928.99,-191.1,
272,2505.113,4,measure,no_signal,1928.99,-191.1,
274,2511.113,6,measure,no_signal,1928.99,-191.1,
276,2517.113,10,measure,no_signal,1928.99,-191.1,
278,2523.113,11,measure,no_signal,1928.99,-191.1,
280,2529.113,12,measure,no_signal,1928.99,-191.1,
282,2535.113,13,measure,no_signal,1928.99,-191.1,
284,2541.113,14,measure,no_signal,1928.99,-191.1,
286,2547.113,15,measure,no_signal,1928.99,-191.1,
288,2553.113,16,measure,no_signal,1928.99,-191.1,
290,2559.113,20,measure,no_signal,1928.99,-191.1,
292,2686.758,18,clear,success,1412.23,-521.25,
294,2785.856,5,measure,direction,1035.33,-794.43,219.46
296,2791.856,2,measure,no_signal,1035.33,-794.43,
298,2797.856,4,measure,no_signal,1035.33,-794.43,
300,2803.856,6,measure,no_signal,1035.33,-794.43,
302,2809.856,10,measure,no_signal,1035.33,-794.43,
304,2815.856,11,measure,no_signal,1035.33,-794.43,
306,2821.856,12,measure,no_signal,1035.33,-794.43,
308,2827.856,13,measure,no_signal,1035.33,-794.43,
310,2833.856,14,measure,no_signal,1035.33,-794.43,
312,2839.856,15,measure,no_signal,1035.33,-794.43,
314,2845.856,16,measure,no_signal,1035.33,-794.43,
316,2851.856,20,measure,no_signal,1035.33,-794.43,
318,2970.761,5,clear,success,594.49,-1155.03,
320,3127.704,19,measure,direction,-158.59,-1204.61,185.02
322,3133.704,2,measure,no_signal,-158.59,-1204.61,
324,3139.704,4,measure,no_signal,-158.59,-1204.61,
326,3145.704,6,measure,no_signal,-158.59,-1204.61,
328,3151.704,10,measure,no_signal,-158.59,-1204.61,
330,3157.704,11,measure,no_signal,-158.59,-1204.61,
332,3163.704,12,measure,direction,-158.59,-1204.61,287.75
334,3169.704,13,measure,no_signal,-158.59,-1204.61,
336,3175.704,14,measure,no_signal,-158.59,-1204.61,
338,3181.704,15,measure,no_signal,-158.59,-1204.61,
340,3187.704,16,measure,no_signal,-158.59,-1204.61,
342,3193.704,20,measure,no_signal,-158.59,-1204.61,
345,3319.27,19,clear,success,-759.84,-1248.19,
347,3528.165,12,measure,direction,211.52,-1540.79,207.21
349,3585.975,12,clear,success,-22.04,-1663.97,
351,3947.452,9,clear,success,435.88,58.59,
