seq,virtual_time_s,x_m,y_m,action,channel,result
5,14.0,44.62,5.87,measure,1,no_signal
7,20.0,44.62,5.87,measure,2,no_signal
9,26.0,44.62,5.87,measure,3,no_signal
11,32.0,44.62,5.87,measure,4,no_signal
13,38.0,44.62,5.87,measure,5,direction
15,44.0,44.62,5.87,measure,6,no_signal
17,50.0,44.62,5.87,measure,7,direction
19,56.0,44.62,5.87,measure,8,no_signal
21,62.0,44.62,5.87,measure,9,direction
23,68.0,44.62,5.87,measure,10,no_signal
25,74.0,44.62,5.87,measure,11,no_signal
27,80.0,44.62,5.87,measure,12,no_signal
29,86.0,44.62,5.87,measure,13,no_signal
31,92.0,44.62,5.87,measure,14,no_signal
33,98.0,44.62,5.87,measure,15,no_signal
35,104.0,44.62,5.87,measure,16,no_signal
37,110.0,44.62,5.87,measure,17,direction
39,116.0,44.62,5.87,measure,18,no_signal
41,122.0,44.62,5.87,measure,19,no_signal
43,128.0,44.62,5.87,measure,20,no_signal
49,354.0,-766.52,748.88,measure,7,direction
51,360.0,-766.52,748.88,measure,17,direction
53,366.0,-766.52,748.88,measure,1,no_signal
55,372.0,-766.52,748.88,measure,2,no_signal
57,378.0,-766.52,748.88,measure,3,direction
59,384.0,-766.52,748.88,measure,4,no_signal
61,390.0,-766.52,748.88,measure,6,no_signal
63,396.0,-766.52,748.88,measure,8,direction
65,402.0,-766.52,748.88,measure,10,no_signal
67,408.0,-766.52,748.88,measure,11,no_signal
69,414.0,-766.52,748.88,measure,12,no_signal
71,420.0,-766.52,748.88,measure,13,no_signal
73,426.0,-766.52,748.88,measure,14,no_signal
75,432.0,-766.52,748.88,measure,15,no_signal
77,438.0,-766.52,748.88,measure,16,no_signal
79,444.0,-766.52,748.88,measure,18,no_signal
81,450.0,-766.52,748.88,measure,19,no_signal
83,456.0,-766.52,748.88,measure,20,no_signal
87,501.524,-963.92,739.65,measure,17,direction
89,507.524,-963.92,739.65,measure,1,no_signal
91,513.524,-963.92,739.65,measure,2,no_signal
93,519.524,-963.92,739.65,measure,4,no_signal
95,525.524,-963.92,739.65,measure,6,no_signal
97,531.524,-963.92,739.65,measure,10,no_signal
99,537.524,-963.92,739.65,measure,11,no_signal
101,543.524,-963.92,739.65,measure,12,no_signal
103,549.524,-963.92,739.65,measure,13,no_signal
105,555.524,-963.92,739.65,measure,14,no_signal
107,561.524,-963.92,739.65,measure,15,no_signal
109,567.524,-963.92,739.65,measure,16,no_signal
111,573.524,-963.92,739.65,measure,18,no_signal
113,579.524,-963.92,739.65,measure,19,no_signal
115,585.524,-963.92,739.65,measure,20,no_signal
117,685.125,-946.14,266.98,clear,17,success
119,774.517,-1267.32,1.08,measure,8,direction
121,780.517,-1267.32,1.08,measure,1,direction
123,786.517,-1267.32,1.08,measure,2,no_signal
125,792.517,-1267.32,1.08,measure,4,no_signal
127,798.517,-1267.32,1.08,measure,6,no_signal
129,804.517,-1267.32,1.08,measure,10,no_signal
131,810.517,-1267.32,1.08,measure,11,no_signal
133,816.517,-1267.32,1.08,measure,12,no_signal
135,822.517,-1267.32,1.08,measure,13,no_signal
137,828.517,-1267.32,1.08,measure,14,no_signal
139,834.517,-1267.32,1.08,measure,15,no_signal
141,840.517,-1267.32,1.08,measure,16,no_signal
143,846.517,-1267.32,1.08,measure,18,no_signal
145,852.517,-1267.32,1.08,measure,19,no_signal
147,858.517,-1267.32,1.08,measure,20,no_signal
150,962.121,-1122.51,-464.96,measure,1,direction
152,968.121,-1122.51,-464.96,measure,2,no_signal
154,974.121,-1122.51,-464.96,measure,4,no_signal
156,980.121,-1122.51,-464.96,measure,6,no_signal
158,986.121,-1122.51,-464.96,measure,10,no_signal
160,992.121,-1122.51,-464.96,measure,11,no_signal
162,998.121,-1122.51,-464.96,measure,12,no_signal
164,1004.121,-1122.51,-464.96,measure,13,no_signal
166,1010.121,-1122.51,-464.96,measure,14,no_signal
168,1016.121,-1122.51,-464.96,measure,15,no_signal
170,1022.121,-1122.51,-464.96,measure,16,no_signal
172,1028.121,-1122.51,-464.96,measure,18,no_signal
174,1034.121,-1122.51,-464.96,measure,19,direction
176,1040.121,-1122.51,-464.96,measure,20,no_signal
179,1142.51,-1609.16,-447.84,clear,1,success
181,1298.942,-1682.64,305.74,clear,8,success
183,1643.807,-471.58,1490.68,measure,7,direction
185,1649.807,-471.58,1490.68,measure,3,direction
187,1655.807,-471.58,1490.68,measure,2,no_signal
189,1661.807,-471.58,1490.68,measure,4,no_signal
191,1667.807,-471.58,1490.68,measure,6,no_signal
193,1673.807,-471.58,1490.68,measure,10,no_signal
195,1679.807,-471.58,1490.68,measure,11,no_signal
197,1685.807,-471.58,1490.68,measure,12,no_signal
199,1691.807,-471.58,1490.68,measure,13,no_signal
201,1697.807,-471.58,1490.68,measure,14,no_signal
203,1703.807,-471.58,1490.68,measure,15,no_signal
205,1709.807,-471.58,1490.68,measure,16,no_signal
207,1715.807,-471.58,1490.68,measure,18,no_signal
209,1721.807,-471.58,1490.68,measure,20,no_signal
211,1786.772,-226.28,1318.29,clear,7,success
213,1855.053,48.74,1161.82,clear,3,success
215,1884.631,158.59,1204.61,measure,9,direction
217,1890.631,158.59,1204.61,measure,2,no_signal
219,1896.631,158.59,1204.61,measure,4,no_signal
221,1902.631,158.59,1204.61,measure,6,no_signal
223,1908.631,158.59,1204.61,measure,10,no_signal
225,1914.631,158.59,1204.61,measure,11,no_signal
227,1920.631,158.59,1204.61,measure,12,no_signal
229,1926.631,158.59,1204.61,measure,13,no_signal
231,1932.631,158.59,1204.61,measure,14,no_signal
233,1938.631,158.59,1204.61,measure,15,no_signal
235,1944.631,158.59,1204.61,measure,16,no_signal
237,1950.631,158.59,1204.61,measure,18,no_signal
239,1956.631,158.59,1204.61,measure,20,no_signal
241,2215.113,1205.66,499.4,measure,2,no_signal
243,2221.113,1205.66,499.4,measure,4,no_signal
245,2227.113,1205.66,499.4,measure,6,no_signal
247,2233.113,1205.66,499.4,measure,10,no_signal
249,2239.113,1205.66,499.4,measure,11,no_signal
251,2245.113,1205.66,499.4,measure,12,no_signal
253,2251.113,1205.66,499.4,measure,13,no_signal
255,2257.113,1205.66,499.4,measure,14,no_signal
257,2263.113,1205.66,499.4,measure,15,no_signal
259,2269.113,1205.66,499.4,measure,16,no_signal
261,2275.113,1205.66,499.4,measure,18,direction
263,2281.113,1205.66,499.4,measure,20,no_signal
265,2287.113,1205.66,499.4,measure,5,no_signal
268,2493.113,1928.99,-191.1,measure,18,direction
270,2499.113,1928.99,-191.1,measure,2,no_signal
272,2505.113,1928.99,-191.1,measure,4,no_signal
274,2511.113,1928.99,-191.1,measure,6,no_signal
276,2517.113,1928.99,-191.1,measure,10,no_signal
278,2523.113,1928.99,-191.1,measure,11,no_signal
280,2529.113,1928.99,-191.1,measure,12,no_signal
282,2535.113,1928.99,-191.1,measure,13,no_signal
284,2541.113,1928.99,-191.1,measure,14,no_signal
286,2547.113,1928.99,-191.1,measure,15,no_signal
288,2553.113,1928.99,-191.1,measure,16,no_signal
290,2559.113,1928.99,-191.1,measure,20,no_signal
292,2686.758,1412.23,-521.25,clear,18,success
294,2785.856,1035.33,-794.43,measure,5,direction
296,2791.856,1035.33,-794.43,measure,2,no_signal
298,2797.856,1035.33,-794.43,measure,4,no_signal
300,2803.856,1035.33,-794.43,measure,6,no_signal
302,2809.856,1035.33,-794.43,measure,10,no_signal
304,2815.856,1035.33,-794.43,measure,11,no_signal
306,2821.856,1035.33,-794.43,measure,12,no_signal
308,2827.856,1035.33,-794.43,measure,13,no_signal
310,2833.856,1035.33,-794.43,measure,14,no_signal
312,2839.856,1035.33,-794.43,measure,15,no_signal
314,2845.856,1035.33,-794.43,measure,16,no_signal
316,2851.856,1035.33,-794.43,measure,20,no_signal
318,2970.761,594.49,-1155.03,clear,5,success
320,3127.704,-158.59,-1204.61,measure,19,direction
322,3133.704,-158.59,-1204.61,measure,2,no_signal
324,3139.704,-158.59,-1204.61,measure,4,no_signal
326,3145.704,-158.59,-1204.61,measure,6,no_signal
328,3151.704,-158.59,-1204.61,measure,10,no_signal
330,3157.704,-158.59,-1204.61,measure,11,no_signal
332,3163.704,-158.59,-1204.61,measure,12,direction
334,3169.704,-158.59,-1204.61,measure,13,no_signal
336,3175.704,-158.59,-1204.61,measure,14,no_signal
338,3181.704,-158.59,-1204.61,measure,15,no_signal
340,3187.704,-158.59,-1204.61,measure,16,no_signal
342,3193.704,-158.59,-1204.61,measure,20,no_signal
345,3319.27,-759.84,-1248.19,clear,19,success
347,3528.165,211.52,-1540.79,measure,12,direction
349,3585.975,-22.04,-1663.97,clear,12,success
351,3947.452,435.88,58.59,clear,9,success
